"id_employe";"nom";"prenom";"date_naissance";"numero_telephone";"email";"adresse";"date_embauche";"id_departement";"id_poste"
"1";"Ndoye";"Cheikh";"1982-09-09";"777775###";"cheikh.ndoye@mail.com";"Thies";"2023-09-02";"4";"8"
"2";"Fall";"Mariama";"2000-08-21";"77118###";"mariama.fall@example.com";"Ziguinchor";"2019-07-16";"2";"4"
"3";"Diop";"Aminata";"1995-10-08";"77698###";"aminata.diop@africa.com";"Kaolack";"2017-05-09";"3";"5"
"4";"Kane";"Aminata";"1987-06-06";"77709###";"aminata.kane@africa.com";"St. Louis";"2010-11-25";"4";"8"
"5";"Ndiaye";"Awa";"1986-05-17";"77956###";"awa.ndiaye@example.com";"Dakar";"2015-10-12";"1";"1"
"6";"Faye";"Mamadou";"1993-09-03";"77929###";"mamadou.faye@example.com";"Louga";"2013-01-22";"2";"3"
"7";"Faye";"Mariama";"1997-04-04";"77143###";"mariama.faye@senegal.com";"Thies";"2019-08-10";"3";"5"
"8";"Sy";"Ousmane";"1991-12-28";"77701###";"ousmane.sy@senegal.com";"St. Louis";"2015-03-13";"4";"7"
"9";"Sarr";"Mariama";"1986-02-13";"77386###";"mariama.sarr@mail.com";"Thies";"2015-03-24";"1";"2"
"10";"Sy";"Ousmane";"1994-11-11";"77826###";"ousmane.sy@example.com";"Diourbel";"2015-04-11";"2";"4"
"11";"Ndiaye";"Awa";"1999-01-24";"77271###";"awa.ndiaye@mail.com";"Thies";"2016-12-22";"3";"5"
"12";"Ndoye";"Ibrahima";"1990-03-21";"77941###";"ibrahima.ndoye@africa.com";"Thies";"2022-04-02";"4";"2"
"13";"Ndiaye";"Seynabou";"1995-09-12";"77860###";"seynabou.ndiaye@africa.com";"Dakar";"2013-01-07";"1";"2"
"14";"Ndiaye";"Ibrahima";"1990-10-24";;"ibrahima.ndiaye@africa.com";"Thies";"2012-02-06";"2";"3"
"15";"Ndoye";"Mariama";"1998-04-22";"77511###";"mariama.ndoye@example.com";"Ziguinchor";"2019-12-21";"3";"5"
"16";"Diallo";"Abdou";"1998-09-08";"77217###";"abdou.diallo@mail.com";"Thies";"2020-12-28";"4";"8"
"17";"Fall";"Mamadou";"1992-09-26";"77489###";"mamadou.fall@senegal.com";"Diourbel";"2016-02-08";"1";"1"
"18";"Fall";"Abdou";"1988-04-26";"77544###";"abdou.fall@senegal.com";"Ziguinchor";"2011-05-05";"2";"4"
"19";"Faye";"Cheikh";"1995-07-11";"77623###";"cheikh.faye@mail.com";"Louga";"2017-10-27";"3";"5"
"20";"Ndoye";"Mariama";"1992-08-09";"77172###";"mariama.ndoye@mail.com";"Thies";"2014-08-20";"2";"4"
"21";"Faye";"Cheikh";"1985-09-10";"77820###";"cheikh.faye@example.com";"Louga";"2019-07-10";"2";"3"
"22";"Sarr";"Ousmane";"1999-10-25";"77100###";"ousmane.sarr@africa.com";"St. Louis";"2010-02-11";"2";"4"
"23";"Kane";"Ibrahima";"1983-09-27";"77266###";"ibrahima.kane@example.com";"St. Louis";"2020-06-22";"3";"5"
"24";"Sy";"Fatou";"1986-04-11";"77744###";"fatou.sy@example.com";"Louga";"2019-12-18";"1";"1"
"25";"Fall";"Seynabou";"1996-03-11";"77204###";"seynabou.fall@mail.com";"Thies";"2024-03-26";"4";"6"
